material,material_id,formula,space_group,plane,d_spacing_A,max_separation_A,minimum_angle_deg,closest_facet,screen_status,gamma_status,delta_min_eV,delta_max_eV
"1,3,5-TBB","1,3,5-TBB",HC2Br,P2_12_12_1,(1 0 0),7.115,1.451,0.0,(2 0 0),Potential slip plane,Complete,0.0,0.9418725967404953
"1,3,5-TBB","1,3,5-TBB",HC2Br,P2_12_12_1,(1 1 0),4.9064444,-0.02,0.0,(1 -1 0),Potential slip plane,Complete,0.0,1.5914387702941895
"1,3,5-TBB","1,3,5-TBB",HC2Br,P2_12_12_1,(1 -1 -1),3.7673391,-0.624,67.42345046307956,(1 -1 0),Separation pass; angle fail,Not applicable,,
"1,3,5-TBB","1,3,5-TBB",HC2Br,P2_12_12_1,(0 1 0),6.775,-0.648,43.59779152773179,(1 -1 0),Separation pass; angle fail,Not applicable,,
"1,3,5-TBB","1,3,5-TBB",HC2Br,P2_12_12_1,(0 1 1),1.9533695,-0.877,77.94789998491945,(1 -1 0),Separation pass; angle fail,Not applicable,,
"1,3,5-TCB","1,3,5-TCB",HC2Cl,P2_12_12_1,(1 0 0),6.965,1.254,0.0,(2 0 0),Potential slip plane,Complete,0.0,0.7604322433469406
"1,3,5-TCB","1,3,5-TCB",HC2Cl,P2_12_12_1,(1 1 0),4.7888322,-0.172,0.0,(1 -1 0),Potential slip plane,Complete,0.0,11.904915809631348
"1,3,5-TCB","1,3,5-TCB",HC2Cl,P2_12_12_1,(1 -1 -1),3.6199652,-0.216,67.79267942140167,(1 -1 0),Separation pass; angle fail,Not applicable,,
"1,3,5-TCB","1,3,5-TCB",HC2Cl,P2_12_12_1,(0 1 0),6.595,-0.433,43.43700740853212,(1 -1 0),Separation pass; angle fail,Not applicable,,
"1,3,5-TCB","1,3,5-TCB",HC2Cl,P2_12_12_1,(0 1 1),1.8743786,-0.547,78.08999094359245,(1 -1 0),Separation pass; angle fail,Not applicable,,
"1,3,5-TCB","1,3,5-TCB",HC2Cl,P2_12_12_1,(0 0 1),1.955,-0.946,90.0,(1 -1 0),Separation pass; angle fail,Not applicable,,
"1,3-DNB","1,3-DNB",H2C3NO2,Pna2_1,(1 0 0),7.012,-0.46,0.0,(2 0 0),Potential slip plane,Complete,0.0,1.1345748901367188
"1,3-DNB","1,3-DNB",H2C3NO2,Pna2_1,(2 1 0),6.1906432,-0.491,18.762498535593075,(1 -1 0),Potential slip plane,Complete,0.0,3.051788330078125
"1,3-DNB","1,3-DNB",H2C3NO2,Pna2_1,(0 1 1),3.5417909,0.454,78.71003407402623,(1 -1 0),Separation pass; angle fail,Not applicable,,
"1,3-DNB","1,3-DNB",H2C3NO2,Pna2_1,(0 0 1),1.8385,-0.475,90.0,(1 -1 0),Separation pass; angle fail,Not applicable,,
"1,3-DNB","1,3-DNB",H2C3NO2,Pna2_1,(0 1 0),6.591,-0.608,43.227315588781046,(1 -1 0),Separation pass; angle fail,Not applicable,,
"1,4-DBB","1,4-DBB",H2C3Br,P2_1/c,(0 0 1),7.1383284,2.314,1.2074182697257333e-06,(0 0 2),Potential slip plane,Complete,0.0,0.46156024932884065
"1,4-DBB","1,4-DBB",H2C3Br,P2_1/c,(0 1 -1),5.3653777,-0.012,0.0,(0 1 -1),Potential slip plane,Complete,0.0,2.9684324264526367
"1,4-DBB","1,4-DBB",H2C3Br,P2_1/c,(1 0 1),3.7447422,1.333,67.67765822719478,(0 0 2),Separation pass; angle fail,Not applicable,,
"1,4-DBB","1,4-DBB",H2C3Br,P2_1/c,(1 0 -1),3.999414,1.128,81.10490798440766,(0 0 2),Separation pass; angle fail,Not applicable,,
"1,4-DBB","1,4-DBB",H2C3Br,P2_1/c,(1 0 0),2.0079122,-0.296,82.76,(0 0 2),Separation pass; angle fail,Not applicable,,
"1,4-DBB","1,4-DBB",H2C3Br,P2_1/c,(1 0 3),2.8945614,-0.655,45.64663801762052,(0 0 2),Separation pass; angle fail,Not applicable,,
"1,4-DBB","1,4-DBB",H2C3Br,P2_1/c,(1 1 0),3.2997774,-0.891,55.453979714602134,(0 1 -1),Separation pass; angle fail,Not applicable,,
135-trifluro,135-trifluro,C2IF,P2_1/c,(1 0 -1),5.8967976,1.873,0.0,(1 0 -1),Potential slip plane,Complete,0.0,1.9975180625913254
135-trifluro,135-trifluro,C2IF,P2_1/c,(1 0 1),8.6645648,1.071,0.0,(1 0 1),Potential slip plane,Complete,0.0,1.372731685638655
135-trifluro,135-trifluro,C2IF,P2_1/c,(1 0 0),6.6434444,0.664,34.04938407151049,(1 0 1),Separation pass; angle fail,Not applicable,,
135-trifluro,135-trifluro,C2IF,P2_1/c,(0 0 1),7.3797503,-0.328,38.45961592848951,(1 0 1),Separation pass; angle fail,Not applicable,,
"2,4-Dichloro-6-[(6-methylpyridin-2-ylimino)methyl]phenol (DMP)",AQAQOZ,H10C13N2Cl2O,P2/c,(1 0 0),7.1356853,1.578,0.0,(1 0 0),Potential slip plane,Complete,0.0,0.644424438477472
"2,4-Dichloro-6-[(6-methylpyridin-2-ylimino)methyl]phenol (DMP)",AQAQOZ,H10C13N2Cl2O,P2/c,(0 0 1),9.9903503,-0.092,0.0,(0 0 2),Potential slip plane,Complete,0.0,3.386301040651233
2-methylnico,2-methylnico,H7C7SNO2,P2_1/c,(0 1 0),6.34325,0.299,0.0,(0 2 0),Potential slip plane,Complete,0.0,1.5321731567310053
2-nitrobenzaldehyde,2-nitrobenzaldehyde,H5C7NO3,P2_1,(1 0 0),5.6849719,0.15,0.0,(1 0 0),Potential slip plane,Complete,0.0,0.4539642333984375
2-nitrobenzaldehyde,2-nitrobenzaldehyde,H5C7NO3,P2_1,(1 0 -1),6.310298,0.62,33.7103995688584,(0 0 1),Separation pass; angle fail,Not applicable,,
2-nitrobenzaldehyde,2-nitrobenzaldehyde,H5C7NO3,P2_1,(1 0 1),6.2920343,0.411,33.59983290200532,(0 0 1),Separation pass; angle fail,Not applicable,,
2-nitrobenzaldehyde,2-nitrobenzaldehyde,H5C7NO3,P2_1,(1 1 0),3.7396725,-0.47,70.79745351161338,(1 0 0),Separation pass; angle fail,Not applicable,,
2-nitrobenzaldehyde,2-nitrobenzaldehyde,H5C7NO3,P2_1,(0 1 0),1.98,-0.752,90.0,(1 0 0),Separation pass; angle fail,Not applicable,,
3-4-chlorophenyl-imino-indolin-2-one,3-4-chlorophenyl-imino-indolin-2-one,H9C14N2ClO,Cc,(1 0 0),6.4437757,0.866,0.0,(2 0 0),Potential slip plane,Complete,0.0,2.332672119136987
3-4-chlorophenyl-imino-indolin-2-one,3-4-chlorophenyl-imino-indolin-2-one,H9C14N2ClO,Cc,(1 1 0),4.2319488,-0.821,80.54996415873926,(2 0 0),Separation pass; angle fail,Not applicable,,
3-4-dichloro-phenol,3-4-dichloro-phenol,H4C6Cl2O,I4_1/a,(0 1 0),6.53175,1.766,0.0,(0 2 0),Potential slip plane,Complete,0.0,1.915576934818091
345-trimeth,345-trimeth,H6C5O2,P2_1/c,(1 0 0),7.5033212,0.696,0.0,(1 0 0),Potential slip plane,Complete,0.0,1.2196388244610716
3hy,3hy,H6C7N2Cl2O,P2_1/c,(0 0 1),7.6934305,1.47,0.0,(0 0 2),Potential slip plane,Complete,0.0,0.25094890594527897
3hy,3hy,H6C7N2Cl2O,P2_1/c,(0 1 -2),6.2000123,-0.25,11.347559224170897,(0 1 -1),Potential slip plane,Complete,0.0,8.37718963622865
3hy,3hy,H6C7N2Cl2O,P2_1/c,(1 0 -1),1.9529241,0.295,84.4566640979065,(0 0 2),Separation pass; angle fail,Not applicable,,
3hy,3hy,H6C7N2Cl2O,P2_1/c,(1 0 1),3.8761265,-0.013,81.02242247825869,(0 0 2),Separation pass; angle fail,Not applicable,,
3hy,3hy,H6C7N2Cl2O,P2_1/c,(1 0 -3),3.7014724,-0.149,70.60343303319225,(0 0 2),Separation pass; angle fail,Not applicable,,
3hy,3hy,H6C7N2Cl2O,P2_1/c,(1 0 -2),1.9144199,-0.611,77.3430492192562,(0 0 2),Separation pass; angle fail,Not applicable,,
3hy,3hy,H6C7N2Cl2O,P2_1/c,(1 1 -1),3.3837086,-0.949,59.61528944442733,(0 1 -1),Separation pass; angle fail,Not applicable,,
4-CBN,4-CBN,H4C7NCl,Pc,(0 0 1),6.2189976,1.81,0.0,(0 0 2),Potential slip plane,Complete,0.0,0.29166880250022587
4-CBN,4-CBN,H4C7NCl,Pc,(0 1 -1),5.7426614,-0.466,27.497062352334986,(0 1 0),Potential slip plane,Complete,0.0,2.862807035446167
4-CBN,4-CBN,H4C7NCl,Pc,(0 1 0),3.237,-0.855,0.0,(0 1 0),Potential slip plane,Complete,0.0,0.6510498523709884
4-CBN,4-CBN,H4C7NCl,Pc,(1 0 2),3.3251512,1.643,57.62804568324589,(0 0 2),Separation pass; angle fail,Not applicable,,
4-CBN,4-CBN,H4C7NCl,Pc,(1 0 0),3.9369985,0.843,89.95,(0 0 2),Separation pass; angle fail,Not applicable,,
4-CBN,4-CBN,H4C7NCl,Pc,(1 0 1),1.8762563,0.144,72.39041734434808,(0 0 2),Separation pass; angle fail,Not applicable,,
4-CBN,4-CBN,H4C7NCl,Pc,(1 0 4),2.4391523,-0.041,38.28298300694382,(0 0 2),Separation pass; angle fail,Not applicable,,
4-CBN,4-CBN,H4C7NCl,Pc,(1 -1 1),3.2465642,-0.702,59.90221272286459,(0 1 0),Separation pass; angle fail,Not applicable,,
4-CBN,4-CBN,H4C7NCl,Pc,(1 -1 3),2.6112413,-0.77,50.9202961478054,(0 0 2),Separation pass; angle fail,Not applicable,,
4-CBN,4-CBN,H4C7NCl,Pc,(2 -1 3),1.7141947,-0.947,65.52994824033901,(0 0 2),Separation pass; angle fail,Not applicable,,
4-FBN,4-FBN,H4C7NF,P-1,(1 -1 0),5.77792,1.054,28.47140114525658,(1 0 0),Potential slip plane,Complete,0.0,1.2165231704711914
4-FBN,4-FBN,H4C7NF,P-1,(1 1 0),5.686916,1.053,27.983129086814348,(1 0 0),Potential slip plane,Complete,0.0,4.093862533571155
4-FBN,4-FBN,H4C7NF,P-1,(0 1 0),6.0589774,0.155,0.0,(0 1 0),Potential slip plane,Complete,0.0,1.782471656798407
4-FBN,4-FBN,H4C7NF,P-1,(1 0 0),3.2528344,-0.509,0.0,(1 0 0),Potential slip plane,Complete,0.0,1.731008052827292
4-FBN,4-FBN,H4C7NF,P-1,(3 0 1),1.7900506,-0.877,27.734129785738237,(1 0 0),Potential slip plane,Complete,-2.2634811401330808,46.834596633909314
4-FBN,4-FBN,H4C7NF,P-1,(1 0 1),3.1223883,2.11,54.26673324282506,(1 0 0),Separation pass; angle fail,Not applicable,,
4-FBN,4-FBN,H4C7NF,P-1,(0 1 1),3.5304409,1.789,66.89801037526948,(0 1 0),Separation pass; angle fail,Not applicable,,
4-FBN,4-FBN,H4C7NF,P-1,(0 1 -1),3.7586297,1.127,78.31032026319124,(0 1 0),Separation pass; angle fail,Not applicable,,
4-FBN,4-FBN,H4C7NF,P-1,(1 1 2),1.7260617,1.026,67.47524046589467,(1 0 0),Separation pass; angle fail,Not applicable,,
4-FBN,4-FBN,H4C7NF,P-1,(0 0 1),1.907646,0.879,82.69466058046586,(1 0 0),Separation pass; angle fail,Not applicable,,
4-FBN,4-FBN,H4C7NF,P-1,(1 0 -1),3.4904588,0.445,65.1531115832254,(1 0 0),Separation pass; angle fail,Not applicable,,
4-FBN,4-FBN,H4C7NF,P-1,(1 -1 2),1.7795055,0.378,67.08591755824035,(1 0 0),Separation pass; angle fail,Not applicable,,
4-FBN,4-FBN,H4C7NF,P-1,(1 -1 1),1.5491306,-0.271,54.926244916295545,(1 0 0),Separation pass; angle fail,Not applicable,,
4-FBN,4-FBN,H4C7NF,P-1,(2 1 1),2.2576252,-0.279,39.39042946103028,(1 0 0),Separation pass; angle fail,Not applicable,,
4-FBN,4-FBN,H4C7NF,P-1,(1 2 1),2.6704827,-0.282,58.33268154323786,(0 1 0),Separation pass; angle fail,Not applicable,,
4-FBN,4-FBN,H4C7NF,P-1,(2 -1 1),2.3260842,-0.33,37.91128678879949,(1 0 0),Separation pass; angle fail,Not applicable,,
4-FBN,4-FBN,H4C7NF,P-1,(1 -1 -2),1.8452177,-0.513,75.37584282622262,(0 1 0),Separation pass; angle fail,Not applicable,,
4-FBN,4-FBN,H4C7NF,P-1,(1 1 -2),1.9042443,-0.721,80.28380706521061,(1 0 0),Separation pass; angle fail,Not applicable,,
4-FBN,4-FBN,H4C7NF,P-1,(1 -2 1),2.8940119,-0.81,57.84577175331579,(1 0 0),Separation pass; angle fail,Not applicable,,
4-FBN,4-FBN,H4C7NF,P-1,(1 -2 -1),2.9135966,-0.906,56.239651483163286,(0 1 0),Separation pass; angle fail,Not applicable,,
4-FBN,4-FBN,H4C7NF,P-1,(1 3 2),1.56176,-0.934,61.2756474309299,(0 1 0),Separation pass; angle fail,Not applicable,,
4-NBA,4-NBA,H5C7NO4,C2/c,(1 0 1),5.1648291,0.901,29.46940681511143,(2 0 0),Potential slip plane,Complete,0.0,1.7400741577175722
4-NBA,4-NBA,H5C7NO4,C2/c,(0 0 1),5.2093149,-0.126,0.0,(0 0 2),Potential slip plane,Complete,0.0,4.9204101562509095
4-NBA,4-NBA,H5C7NO4,C2/c,(1 0 -1),5.7659719,0.031,33.313424878017656,(2 0 0),Separation pass; angle fail,Not applicable,,
4-n-hexyloxybenzoic-acid,4-n-hexyloxybenzoic-acid,H18C13O3,P2_1/c,(3 0 1),4.6225179,0.661,23.478491290166044,(1 0 1),Potential slip plane,Complete,0.0,1.5001525878915345
4-n-hexyloxybenzoic-acid,4-n-hexyloxybenzoic-acid,H18C13O3,P2_1/c,(1 0 1),5.4032366,0.259,0.0,(1 0 1),Potential slip plane,Complete,0.0,0.8056144714373659
4-n-hexyloxybenzoic-acid,4-n-hexyloxybenzoic-acid,H18C13O3,P2_1/c,(1 0 -1),11.465879,0.065,0.0,(1 0 -1),Potential slip plane,Complete,0.0,4.742303848265692
4CFNCS,4CFNCS,H4C8SNF3,Pnma,(0 1 0),3.357,1.215,28.579182368318307,(0 1 -1),Potential slip plane,Complete,0.0,0.5262718200688141
4CFNCS,4CFNCS,H4C8SNF3,Pnma,(1 0 -1),7.7344464,-0.548,0.0,(1 0 -1),Potential slip plane,Complete,0.0,5.6038284301753265
4CFNCS,4CFNCS,H4C8SNF3,Pnma,(2 -1 0),3.9930694,0.053,51.25036628956266,(1 0 -1),Separation pass; angle fail,Not applicable,,
4CFNCS,4CFNCS,H4C8SNF3,Pnma,(2 -3 0),2.040442,-0.346,36.80891990853398,(0 1 -1),Separation pass; angle fail,Not applicable,,
4CFNCS,4CFNCS,H4C8SNF3,Pnma,(1 0 0),2.4835,-0.954,38.86895520667496,(1 0 -1),Separation pass; angle fail,Not applicable,,
6-CNA,6-CNA,H4C6NClO2,P-1,(1 -1 2),3.1016923,2.521,24.995911201634446,(1 -1 0),Potential slip plane,Complete,0.0,1.5897865295419251
6-CNA,6-CNA,H4C6NClO2,P-1,(0 0 1),7.3401985,1.915,0.0,(0 0 1),Potential slip plane,Complete,0.0,2.1545066833496094
6-CNA,6-CNA,H4C6NClO2,P-1,(2 -1 3),1.733038,0.64,27.20367619468425,(1 -1 0),Potential slip plane,Complete,0.0,37.334793090816675
6-CNA,6-CNA,H4C6NClO2,P-1,(2 -1 2),1.7987998,0.637,22.729127816690117,(1 -1 0),Potential slip plane,Complete,0.0,89.86213684082031
6-CNA,6-CNA,H4C6NClO2,P-1,(1 -1 1),1.6688247,0.412,13.14106927277897,(1 -1 0),Potential slip plane,Complete,-0.000545501708984375,9.046344757080078
6-CNA,6-CNA,H4C6NClO2,P-1,(1 -1 0),3.4325945,0.099,8.537736462515939e-07,(1 -1 0),Potential slip plane,Complete,0.0,2.797697067260742
6-CNA,6-CNA,H4C6NClO2,P-1,(2 -1 0),1.8598579,-0.656,17.822777695751338,(1 -1 0),Potential slip plane,Complete,0.0,134.54118728637695
6-CNA,6-CNA,H4C6NClO2,P-1,(1 -2 1),2.4775432,-0.969,26.07494298619206,(1 -1 0),Potential slip plane,Complete,-0.002037048337115266,2.519008636477338
6-CNA,6-CNA,H4C6NClO2,P-1,(1 0 1),3.5178621,0.766,38.97644532760341,(1 -1 0),Separation pass; angle fail,Not applicable,,
6-CNA,6-CNA,H4C6NClO2,P-1,(1 0 0),3.6339983,0.607,36.72973802005386,(1 -1 0),Separation pass; angle fail,Not applicable,,
6-CNA,6-CNA,H4C6NClO2,P-1,(0 1 -1),5.2308478,0.16,68.12766444598185,(1 -1 0),Separation pass; angle fail,Not applicable,,
6-CNA,6-CNA,H4C6NClO2,P-1,(1 -1 4),2.4989077,-0.037,42.911554508138885,(1 -1 0),Separation pass; angle fail,Not applicable,,
6-CNA,6-CNA,H4C6NClO2,P-1,(0 1 -2),4.4595557,-0.091,53.02296957128144,(0 0 1),Separation pass; angle fail,Not applicable,,
6-CNA,6-CNA,H4C6NClO2,P-1,(2 -1 4),1.6526475,-0.156,31.91205886086281,(1 -1 0),Separation pass; angle fail,Not applicable,,
6-CNA,6-CNA,H4C6NClO2,P-1,(1 -2 2),2.377545,-0.168,30.3431384721649,(1 -1 0),Separation pass; angle fail,Not applicable,,
6-CNA,6-CNA,H4C6NClO2,P-1,(1 0 2),3.2415602,-0.234,44.12883624731172,(1 -1 0),Separation pass; angle fail,Not applicable,,
6-CNA,6-CNA,H4C6NClO2,P-1,(0 1 0),5.5821224,-0.278,66.72818364050696,(1 -1 0),Separation pass; angle fail,Not applicable,,
6-CNA,6-CNA,H4C6NClO2,P-1,(1 -2 4),2.0728738,-0.431,41.03978097235636,(1 -1 0),Separation pass; angle fail,Not applicable,,
6-CNA,6-CNA,H4C6NClO2,P-1,(2 0 1),1.8006522,-0.486,37.34006014292166,(1 -1 0),Separation pass; angle fail,Not applicable,,
6-CNA,6-CNA,H4C6NClO2,P-1,(2 0 3),1.696847,-0.569,41.3477423488661,(1 -1 0),Separation pass; angle fail,Not applicable,,
6-CNA,6-CNA,H4C6NClO2,P-1,(2 -1 5),1.5644232,-0.579,36.46349446712316,(1 -1 0),Separation pass; angle fail,Not applicable,,
6-CNA,6-CNA,H4C6NClO2,P-1,(1 1 1),2.7113435,-0.849,65.96658947365547,(1 -1 0),Separation pass; angle fail,Not applicable,,
6-CNA,6-CNA,H4C6NClO2,P-1,(1 -3 3),1.7222466,-0.864,41.59903072704343,(1 -1 0),Separation pass; angle fail,Not applicable,,
6-CNA,6-CNA,H4C6NClO2,P-1,(0 2 -1),2.7457684,-0.932,67.05209172847482,(1 -1 0),Separation pass; angle fail,Not applicable,,
6-chloro,6-chloro,H4C6N3ClO4,P2_1,(0 0 1),6.6372648,2.19,0.0,(0 0 1),Potential slip plane,Complete,0.0,0.2646903991696945
6-chloro,6-chloro,H4C6N3ClO4,P2_1,(1 0 0),8.1597668,-0.783,0.0,(1 0 0),Potential slip plane,Complete,0.0,4.432933807373047
6-chloro,6-chloro,H4C6N3ClO4,P2_1,(1 0 1),6.8816436,0.501,31.216552887260093,(1 0 0),Separation pass; angle fail,Not applicable,,
6-chloro,6-chloro,H4C6N3ClO4,P2_1,(0 1 -1),3.5324658,0.071,74.56716679040213,(0 0 1),Separation pass; angle fail,Not applicable,,
6-chloro,6-chloro,H4C6N3ClO4,P2_1,(0 1 0),1.8323,-0.73,90.0,(0 0 1),Separation pass; angle fail,Not applicable,,
6-chloro,6-chloro,H4C6N3ClO4,P2_1,(1 0 -1),7.0234801,-0.831,31.93495492994381,(1 0 0),Separation pass; angle fail,Not applicable,,
"9,10-DCA","9,10-DCA",H4C8N,P-1,(0 1 0),8.0603803,0.89,0.0,(0 1 0),Potential slip plane,Complete,0.0,0.9998722076429658
"9,10-DCA","9,10-DCA",H4C8N,P-1,(0 0 1),8.5378661,-0.157,0.0,(0 0 1),Potential slip plane,Complete,0.0,0.5253314971923828
"9,10-DCA","9,10-DCA",H4C8N,P-1,(1 -1 1),3.3457517,2.21,62.004449399436076,(0 1 0),Separation pass; angle fail,Not applicable,,
"9,10-DCA","9,10-DCA",H4C8N,P-1,(2 -2 1),1.7578639,1.161,64.76483039685849,(0 1 0),Separation pass; angle fail,Not applicable,,
"9,10-DCA","9,10-DCA",H4C8N,P-1,(1 -1 0),3.5503466,1.14,68.7180304508221,(0 1 0),Separation pass; angle fail,Not applicable,,
"9,10-DCA","9,10-DCA",H4C8N,P-1,(1 0 1),3.7819927,0.71,76.67777738924667,(0 0 1),Separation pass; angle fail,Not applicable,,
"9,10-DCA","9,10-DCA",H4C8N,P-1,(2 -3 1),1.5827507,0.515,54.53354579156871,(0 1 0),Separation pass; angle fail,Not applicable,,
"9,10-DCA","9,10-DCA",H4C8N,P-1,(1 -2 0),2.8856442,0.358,49.23123509109526,(0 1 0),Separation pass; angle fail,Not applicable,,
"9,10-DCA","9,10-DCA",H4C8N,P-1,(2 -1 2),1.8163792,-0.024,72.86801409292025,(0 0 1),Separation pass; angle fail,Not applicable,,
"9,10-DCA","9,10-DCA",H4C8N,P-1,(2 -3 0),1.6148787,-0.228,57.95863769743239,(0 1 0),Separation pass; angle fail,Not applicable,,
"9,10-DCA","9,10-DCA",H4C8N,P-1,(1 -2 1),2.6770453,-0.319,44.951211934989004,(0 1 0),Separation pass; angle fail,Not applicable,,
"9,10-DCA","9,10-DCA",H4C8N,P-1,(2 -1 1),1.8937861,-0.333,77.03535020897675,(0 1 0),Separation pass; angle fail,Not applicable,,
"9,10-DCA","9,10-DCA",H4C8N,P-1,(2 -3 2),1.5035504,-0.524,52.52416383707648,(0 1 0),Separation pass; angle fail,Not applicable,,
"9,10-DCA","9,10-DCA",H4C8N,P-1,(0 1 1),7.1310826,-0.55,52.17494077050739,(0 1 0),Separation pass; angle fail,Not applicable,,
"9,10-DCA","9,10-DCA",H4C8N,P-1,(2 -1 3),1.6788145,-0.805,62.03735997856253,(0 0 1),Separation pass; angle fail,Not applicable,,
"9,10-DCA","9,10-DCA",H4C8N,P-1,(1 0 2),3.1959529,-0.89,55.31612224618865,(0 0 1),Separation pass; angle fail,Not applicable,,
"9,10-DCA","9,10-DCA",H4C8N,P-1,(1 -2 -1),2.7941668,-0.956,58.268268372794736,(0 1 0),Separation pass; angle fail,Not applicable,,
DBBZL,DBBZL,H4C7BrO,P2_12_12,(0 1 0),13.069,2.197,0.0,(0 2 0),Potential slip plane,Complete,0.0,0.38609600067184147
DBBZL,DBBZL,H4C7BrO,P2_12_12,(0 0 1),3.9251,0.676,90.0,(0 2 0),Separation pass; angle fail,Not applicable,,
DBBZL,DBBZL,H4C7BrO,P2_12_12,(0 1 -1),3.8815782,-0.351,81.45980184452756,(0 2 0),Separation pass; angle fail,Not applicable,,
DMS,DMS,H6C2SO2,Cmcm,(1 1 1),4.2877364,0.718,0.0,(1 -1 -1),Potential slip plane,Complete,0.0,6.324102401733398
DMS,DMS,H6C2SO2,Cmcm,(1 1 0),5.3325495,0.177,0.0,(1 -1 0),Potential slip plane,Complete,0.0,2.7444648742682602
DMS,DMS,H6C2SO2,Cmcm,(3 1 1),2.1845931,-0.931,29.21403294230095,(1 -1 -1),Potential slip plane,Complete,0.0,746.0295867919922
DMS,DMS,H6C2SO2,Cmcm,(1 3 0),2.4894711,-0.998,27.669170864244485,(1 -1 0),Potential slip plane,Complete,0.0,206.0969958305359
DMS,DMS,H6C2SO2,Cmcm,(1 0 0),3.59045,1.127,42.04647434211645,(1 -1 0),Separation pass; angle fail,Not applicable,,
DMS,DMS,H6C2SO2,Cmcm,(0 1 0),1.99055,0.818,47.95352565788356,(1 -1 0),Separation pass; angle fail,Not applicable,,
DMS,DMS,H6C2SO2,Cmcm,(1 0 1),2.5442939,-0.588,32.58236910577222,(1 -1 -1),Separation pass; angle fail,Not applicable,,
DMS,DMS,H6C2SO2,Cmcm,(0 0 1),3.60595,-0.8,53.52041595760665,(1 -1 -1),Separation pass; angle fail,Not applicable,,
EHMAPAB,EHMAPAB,H22C25N2O3,P2_1/c,(0 1 0),5.0334,0.306,0.0,(0 2 0),Potential slip plane,Complete,0.0,2.9183292389207054
HCB,HCB,CCl,P2_1/c,(0 0 1),7.4001059,1.373,0.0,(0 0 2),Potential slip plane,Complete,0.0,0.38466763496398926
HCB,HCB,CCl,P2_1/c,(1 0 -1),7.1672748,1.314,0.0,(1 0 -1),Potential slip plane,Complete,0.0,1.5892901420593262
HCB,HCB,CCl,P2_1/c,(1 0 1),6.9631082,1.347,56.99264585035118,(1 0 -1),Separation pass; angle fail,Not applicable,,
HCB,HCB,CCl,P2_1/c,(0 1 -1),3.7223712,0.508,75.43323600931438,(0 0 2),Separation pass; angle fail,Not applicable,,
HCB,HCB,CCl,P2_1/c,(0 1 0),1.923,-0.347,90.0,(0 0 2),Separation pass; angle fail,Not applicable,,
HCB,HCB,CCl,P2_1/c,(1 1 0),3.4692539,-0.652,67.8071058501817,(1 0 -1),Separation pass; angle fail,Not applicable,,
"N,N′-Dipropyl naphthalene-1,4,5,8-tetracarboxylic diimide",ja6b05118_si_007,H9C10NO2,Pbca,(0 0 1),13.79045,-0.254,0.0,(0 0 2),Potential slip plane,Complete,0.0,5.419677734369543
"N,N′-Dipropyl naphthalene-1,4,5,8-tetracarboxylic diimide",ja6b05118_si_007,H9C10NO2,Pbca,(1 0 0),3.4811,0.721,90.0,(0 0 2),Separation pass; angle fail,Not applicable,,
SB1,SB1,H11C13N2ClO,P2_1/c,(1 0 0),6.4338414,0.988,0.0,(1 0 0),Potential slip plane,Complete,0.0,1.2442512512197936
SB2,SB2,H11C13BrN2O,P2_1/c,(1 0 0),6.5580075,0.913,0.0,(1 0 0),Potential slip plane,Complete,0.0,1.5136013031014954
SB3,SB3,H8C12Br2N2O,P2_1/c,(0 1 0),9.653,0.506,0.0,(0 2 0),Potential slip plane,Complete,0.0,6.701232910148974
SB3,SB3,H8C12Br2N2O,P2_1/c,(0 0 1),7.0383924,0.006,36.09730175119883,(0 1 -1),Separation pass; angle fail,Not applicable,,
THF,THF,H25C20N(Cl2O)2,P-1,(0 0 1),18.13556,1.412,0.0,(0 0 1),Potential slip plane,Complete,0.0,1.2550354004233668
THF,THF,H25C20N(Cl2O)2,P-1,(1 0 1),4.7759944,-0.803,7.566342096729966,(1 0 0),Potential slip plane,Complete,0.0,724.2543334961028
dimethyl-4-nitroaniline,dimethyl-4-nitroaniline,H5C4NO,P2_1,(0 1 0),5.287,1.402,0.0,(0 2 0),Potential slip plane,Complete,0.0,0.5920639038079116
dimethyl-4-nitroaniline,dimethyl-4-nitroaniline,H5C4NO,P2_1,(0 0 1),9.7296345,0.167,0.0,(0 0 1),Potential slip plane,Complete,0.0,10.45995712280228
dimethyl-4-nitroaniline,dimethyl-4-nitroaniline,H5C4NO,P2_1,(1 0 -1),1.852888,0.11,68.9595623673507,(0 0 1),Separation pass; angle fail,Not applicable,,
dimethyl-4-nitroaniline,dimethyl-4-nitroaniline,H5C4NO,P2_1,(1 -1 -1),3.4972244,-0.09,70.19490071251103,(0 0 1),Separation pass; angle fail,Not applicable,,
dimethyl-4-nitroaniline,dimethyl-4-nitroaniline,H5C4NO,P2_1,(1 -1 0),3.7161956,-0.512,69.4241830760749,(0 2 0),Separation pass; angle fail,Not applicable,,
dimethyl-4-nitroaniline,dimethyl-4-nitroaniline,H5C4NO,P2_1,(1 0 0),1.9847063,-0.621,88.659,(0 0 1),Separation pass; angle fail,Not applicable,,
dimethyl-4-nitroaniline,dimethyl-4-nitroaniline,H5C4NO,P2_1,(1 -2 -1),1.5172873,-0.957,54.97253149569619,(0 2 0),Separation pass; angle fail,Not applicable,,
